Model,MAE,RMSE,R2
Linear Regression,23877.144632333697,27794.415064248675,-0.01976913814723269
Random Forest,24468.079398999995,28367.43747868935,-0.06225063611199144
